--
-- PostgreSQL database dump
--

-- Dumped from database version 9.4.15
-- Dumped by pg_dump version 9.4.15
-- Started on 2018-03-05 20:16:44

SET statement_timeout = 0;
SET lock_timeout = 0;
SET client_encoding = 'UTF8';
SET standard_conforming_strings = on;
SET check_function_bodies = false;
SET client_min_messages = warning;

--
-- TOC entry 1 (class 3079 OID 11855)
-- Name: plpgsql; Type: EXTENSION; Schema: -; Owner: 
--

CREATE EXTENSION IF NOT EXISTS plpgsql WITH SCHEMA pg_catalog;


--
-- TOC entry 2068 (class 0 OID 0)
-- Dependencies: 1
-- Name: EXTENSION plpgsql; Type: COMMENT; Schema: -; Owner: 
--

COMMENT ON EXTENSION plpgsql IS 'PL/pgSQL procedural language';


SET search_path = public, pg_catalog;

SET default_tablespace = '';

SET default_with_oids = false;

--
-- TOC entry 176 (class 1259 OID 17631)
-- Name: cliente; Type: TABLE; Schema: public; Owner: postgres; Tablespace: 
--

CREATE TABLE cliente (
    nome character varying(255),
    rg character varying(9),
    cpf character varying(14) NOT NULL,
    telefone character varying(20),
    debito double precision
);


ALTER TABLE cliente OWNER TO postgres;

--
-- TOC entry 178 (class 1259 OID 17638)
-- Name: endereco; Type: TABLE; Schema: public; Owner: postgres; Tablespace: 
--

CREATE TABLE endereco (
    id_endereco integer NOT NULL,
    rua character varying(100),
    numero character varying(10),
    bairro character varying(100),
    cidade character varying(100),
    cep character varying(10),
    cpf_cliente character varying(14)
);


ALTER TABLE endereco OWNER TO postgres;

--
-- TOC entry 177 (class 1259 OID 17636)
-- Name: endereco_id_endereco_seq; Type: SEQUENCE; Schema: public; Owner: postgres
--

CREATE SEQUENCE endereco_id_endereco_seq
    START WITH 1
    INCREMENT BY 1
    NO MINVALUE
    NO MAXVALUE
    CACHE 1;


ALTER TABLE endereco_id_endereco_seq OWNER TO postgres;

--
-- TOC entry 2069 (class 0 OID 0)
-- Dependencies: 177
-- Name: endereco_id_endereco_seq; Type: SEQUENCE OWNED BY; Schema: public; Owner: postgres
--

ALTER SEQUENCE endereco_id_endereco_seq OWNED BY endereco.id_endereco;


--
-- TOC entry 175 (class 1259 OID 17626)
-- Name: funcionario; Type: TABLE; Schema: public; Owner: postgres; Tablespace: 
--

CREATE TABLE funcionario (
    nome character varying(255),
    cpf character varying(14) NOT NULL,
    rg character varying(9),
    login character varying(20),
    senha character varying(20)
);


ALTER TABLE funcionario OWNER TO postgres;

--
-- TOC entry 174 (class 1259 OID 17611)
-- Name: lote; Type: TABLE; Schema: public; Owner: postgres; Tablespace: 
--

CREATE TABLE lote (
    id_lote character varying(50) NOT NULL,
    quantidade double precision,
    data_venc character varying(20),
    data_fabric character varying(20),
    preco_compra double precision,
    margem_lucro double precision,
    codigo_produto character varying(50)
);


ALTER TABLE lote OWNER TO postgres;

--
-- TOC entry 173 (class 1259 OID 17606)
-- Name: produto; Type: TABLE; Schema: public; Owner: postgres; Tablespace: 
--

CREATE TABLE produto (
    descricao character varying(255),
    codigo character varying(50) NOT NULL,
    marca character varying(20),
    lote_ativo character varying(50)
);


ALTER TABLE produto OWNER TO postgres;

--
-- TOC entry 182 (class 1259 OID 17669)
-- Name: servico; Type: TABLE; Schema: public; Owner: postgres; Tablespace: 
--

CREATE TABLE servico (
    id_servico integer NOT NULL,
    data_abertura character varying(10),
    hora_abertura character varying(8),
    data_inicio character varying(10),
    data_fim character varying(10),
    hora_inicio character varying(8),
    hora_fim character varying(8),
    valor double precision,
    descricao character varying(255),
    obsevacoes character varying(255),
    cpf_funcionario character varying(14),
    cpf_cliente character varying(14),
    cpf_tecnico character varying(14),
    end_select integer
);


ALTER TABLE servico OWNER TO postgres;

--
-- TOC entry 181 (class 1259 OID 17667)
-- Name: servico_id_servico_seq; Type: SEQUENCE; Schema: public; Owner: postgres
--

CREATE SEQUENCE servico_id_servico_seq
    START WITH 1
    INCREMENT BY 1
    NO MINVALUE
    NO MAXVALUE
    CACHE 1;


ALTER TABLE servico_id_servico_seq OWNER TO postgres;

--
-- TOC entry 2070 (class 0 OID 0)
-- Dependencies: 181
-- Name: servico_id_servico_seq; Type: SEQUENCE OWNED BY; Schema: public; Owner: postgres
--

ALTER SEQUENCE servico_id_servico_seq OWNED BY servico.id_servico;


--
-- TOC entry 180 (class 1259 OID 17651)
-- Name: venda; Type: TABLE; Schema: public; Owner: postgres; Tablespace: 
--

CREATE TABLE venda (
    id_venda integer NOT NULL,
    data_venda character varying(10),
    hora character varying(8),
    valor double precision,
    cpf_funcionario character varying(14),
    cpf_cliente character varying(14)
);


ALTER TABLE venda OWNER TO postgres;

--
-- TOC entry 179 (class 1259 OID 17649)
-- Name: venda_id_venda_seq; Type: SEQUENCE; Schema: public; Owner: postgres
--

CREATE SEQUENCE venda_id_venda_seq
    START WITH 1
    INCREMENT BY 1
    NO MINVALUE
    NO MAXVALUE
    CACHE 1;


ALTER TABLE venda_id_venda_seq OWNER TO postgres;

--
-- TOC entry 2071 (class 0 OID 0)
-- Dependencies: 179
-- Name: venda_id_venda_seq; Type: SEQUENCE OWNED BY; Schema: public; Owner: postgres
--

ALTER SEQUENCE venda_id_venda_seq OWNED BY venda.id_venda;


--
-- TOC entry 183 (class 1259 OID 17693)
-- Name: venda_produto; Type: TABLE; Schema: public; Owner: postgres; Tablespace: 
--

CREATE TABLE venda_produto (
    id_venda integer,
    codigo_produto character varying(50),
    quantidade_produto double precision
);


ALTER TABLE venda_produto OWNER TO postgres;

--
-- TOC entry 1914 (class 2604 OID 17641)
-- Name: id_endereco; Type: DEFAULT; Schema: public; Owner: postgres
--

ALTER TABLE ONLY endereco ALTER COLUMN id_endereco SET DEFAULT nextval('endereco_id_endereco_seq'::regclass);


--
-- TOC entry 1916 (class 2604 OID 17672)
-- Name: id_servico; Type: DEFAULT; Schema: public; Owner: postgres
--

ALTER TABLE ONLY servico ALTER COLUMN id_servico SET DEFAULT nextval('servico_id_servico_seq'::regclass);


--
-- TOC entry 1915 (class 2604 OID 17654)
-- Name: id_venda; Type: DEFAULT; Schema: public; Owner: postgres
--

ALTER TABLE ONLY venda ALTER COLUMN id_venda SET DEFAULT nextval('venda_id_venda_seq'::regclass);


--
-- TOC entry 2053 (class 0 OID 17631)
-- Dependencies: 176
-- Data for Name: cliente; Type: TABLE DATA; Schema: public; Owner: postgres
--

COPY cliente (nome, rg, cpf, telefone, debito) FROM stdin;
Seu Zé	8444422	01010101011	(87) 98136-2424	\N
José Mario 	020020020	02002002002	(87) 98102-0020	\N
Evanilza Roberto	019019019	01901901901	(87) 98136-3534	0
\.


--
-- TOC entry 2055 (class 0 OID 17638)
-- Dependencies: 178
-- Data for Name: endereco; Type: TABLE DATA; Schema: public; Owner: postgres
--

COPY endereco (id_endereco, rua, numero, bairro, cidade, cep, cpf_cliente) FROM stdin;
1	Luiz Epaminomdas	558	Maravilha	Custódia	56640-000	01901901901
2	Luiz Inácio	32	Maravilha	Serra Talhada	56902-200	01010101011
3	Luiz Souza Lima	44	Centro	Serra Talhada	56903-220	02002002002
\.


--
-- TOC entry 2072 (class 0 OID 0)
-- Dependencies: 177
-- Name: endereco_id_endereco_seq; Type: SEQUENCE SET; Schema: public; Owner: postgres
--

SELECT pg_catalog.setval('endereco_id_endereco_seq', 3, true);


--
-- TOC entry 2052 (class 0 OID 17626)
-- Dependencies: 175
-- Data for Name: funcionario; Type: TABLE DATA; Schema: public; Owner: postgres
--

COPY funcionario (nome, cpf, rg, login, senha) FROM stdin;
João Emerson	000	000	joao	joao
administrador	00000000000	0000000	admin	admin
José Elvis	11111111111	9999998	elvis	elvis
\.


--
-- TOC entry 2051 (class 0 OID 17611)
-- Dependencies: 174
-- Data for Name: lote; Type: TABLE DATA; Schema: public; Owner: postgres
--

COPY lote (id_lote, quantidade, data_venc, data_fabric, preco_compra, margem_lucro, codigo_produto) FROM stdin;
2323	15	05-02-2020	05-02-2017	3	50	84432
42289203	50	20-03-2019	20-02-2018	2	60	59324533349
4322	50	20-02-2020	20-02-2018	2	60	3312
9831	75	15-05-2019	15-05-2015	4	50	9831
4321	76	20-02-2019	20-02-2017	3	50	84432
5432	90	20-02-2020	20-02-2018	3	70	54321
455332	44	\N	20-02-2018	3	150	9865
4030	0	20-02-2019	20-02-2017	1	70	76543
874	75	20-02-2020	20-02-2018	2	70	33311
876	0	20-02-2019	20-02-2017	5	50	33311
\.


--
-- TOC entry 2050 (class 0 OID 17606)
-- Dependencies: 173
-- Data for Name: produto; Type: TABLE DATA; Schema: public; Owner: postgres
--

COPY produto (descricao, codigo, marca, lote_ativo) FROM stdin;
Feijão Preto	9831	Pajeú	9831
Feijão	54321	Boa Sorte	5432
Detergente	76543	Ype	4030
Café	84432	Melita	4321
Macarrão	59324533349	Millis 	42289203
Mel	3312	Meliuz	4322
Caixa	9865	Mad	455332
Arroz	33311	milis	876
\.


--
-- TOC entry 2059 (class 0 OID 17669)
-- Dependencies: 182
-- Data for Name: servico; Type: TABLE DATA; Schema: public; Owner: postgres
--

COPY servico (id_servico, data_abertura, hora_abertura, data_inicio, data_fim, hora_inicio, hora_fim, valor, descricao, obsevacoes, cpf_funcionario, cpf_cliente, cpf_tecnico, end_select) FROM stdin;
1	05-03-2018	13:27:16	05-03-2018	05-03-2018	20:30	14:30:51	50	Concertar Moldem\t	Trazer Antigo	000	01010101011	000	0
\.


--
-- TOC entry 2073 (class 0 OID 0)
-- Dependencies: 181
-- Name: servico_id_servico_seq; Type: SEQUENCE SET; Schema: public; Owner: postgres
--

SELECT pg_catalog.setval('servico_id_servico_seq', 2, true);


--
-- TOC entry 2057 (class 0 OID 17651)
-- Dependencies: 180
-- Data for Name: venda; Type: TABLE DATA; Schema: public; Owner: postgres
--

COPY venda (id_venda, data_venda, hora, valor, cpf_funcionario, cpf_cliente) FROM stdin;
2	05-03-2018	10:50:17	70	000	01901901901
3	05-03-2018	13:1:32	32	000	\N
4	05-03-2018	13:2:35	32	000	\N
5	05-03-2018	13:23:25	30	000	\N
6	05-03-2018	19:7:11	70.5	00000000000	01901901901
7	05-03-2018	20:11:45	25.5	000	\N
8	05-03-2018	20:12:59	125.5	000	\N
9	05-03-2018	20:15:9	375	000	\N
\.


--
-- TOC entry 2074 (class 0 OID 0)
-- Dependencies: 179
-- Name: venda_id_venda_seq; Type: SEQUENCE SET; Schema: public; Owner: postgres
--

SELECT pg_catalog.setval('venda_id_venda_seq', 9, true);


--
-- TOC entry 2060 (class 0 OID 17693)
-- Dependencies: 183
-- Data for Name: venda_produto; Type: TABLE DATA; Schema: public; Owner: postgres
--

COPY venda_produto (id_venda, codigo_produto, quantidade_produto) FROM stdin;
2	3312	10
3	3312	5
4	3312	5
5	9831	5
6	84432	4
6	84432	5
6	9865	4
7	54321	5
8	54321	5
8	9865	2
8	76543	50
9	33311	50
\.


--
-- TOC entry 1924 (class 2606 OID 17635)
-- Name: cliente_pkey; Type: CONSTRAINT; Schema: public; Owner: postgres; Tablespace: 
--

ALTER TABLE ONLY cliente
    ADD CONSTRAINT cliente_pkey PRIMARY KEY (cpf);


--
-- TOC entry 1926 (class 2606 OID 17643)
-- Name: endereco_pkey; Type: CONSTRAINT; Schema: public; Owner: postgres; Tablespace: 
--

ALTER TABLE ONLY endereco
    ADD CONSTRAINT endereco_pkey PRIMARY KEY (id_endereco);


--
-- TOC entry 1922 (class 2606 OID 17630)
-- Name: funcionario_pkey; Type: CONSTRAINT; Schema: public; Owner: postgres; Tablespace: 
--

ALTER TABLE ONLY funcionario
    ADD CONSTRAINT funcionario_pkey PRIMARY KEY (cpf);


--
-- TOC entry 1920 (class 2606 OID 17615)
-- Name: lote_pkey; Type: CONSTRAINT; Schema: public; Owner: postgres; Tablespace: 
--

ALTER TABLE ONLY lote
    ADD CONSTRAINT lote_pkey PRIMARY KEY (id_lote);


--
-- TOC entry 1918 (class 2606 OID 17610)
-- Name: produto_pkey; Type: CONSTRAINT; Schema: public; Owner: postgres; Tablespace: 
--

ALTER TABLE ONLY produto
    ADD CONSTRAINT produto_pkey PRIMARY KEY (codigo);


--
-- TOC entry 1930 (class 2606 OID 17677)
-- Name: servico_pkey; Type: CONSTRAINT; Schema: public; Owner: postgres; Tablespace: 
--

ALTER TABLE ONLY servico
    ADD CONSTRAINT servico_pkey PRIMARY KEY (id_servico);


--
-- TOC entry 1928 (class 2606 OID 17656)
-- Name: venda_pkey; Type: CONSTRAINT; Schema: public; Owner: postgres; Tablespace: 
--

ALTER TABLE ONLY venda
    ADD CONSTRAINT venda_pkey PRIMARY KEY (id_venda);


--
-- TOC entry 1933 (class 2606 OID 17644)
-- Name: endereco_cpf_cliente_fkey; Type: FK CONSTRAINT; Schema: public; Owner: postgres
--

ALTER TABLE ONLY endereco
    ADD CONSTRAINT endereco_cpf_cliente_fkey FOREIGN KEY (cpf_cliente) REFERENCES cliente(cpf);


--
-- TOC entry 1932 (class 2606 OID 17616)
-- Name: lote_codigo_produto_fkey; Type: FK CONSTRAINT; Schema: public; Owner: postgres
--

ALTER TABLE ONLY lote
    ADD CONSTRAINT lote_codigo_produto_fkey FOREIGN KEY (codigo_produto) REFERENCES produto(codigo);


--
-- TOC entry 1931 (class 2606 OID 17621)
-- Name: produto_lote_ativo_fkey; Type: FK CONSTRAINT; Schema: public; Owner: postgres
--

ALTER TABLE ONLY produto
    ADD CONSTRAINT produto_lote_ativo_fkey FOREIGN KEY (lote_ativo) REFERENCES lote(id_lote);


--
-- TOC entry 1937 (class 2606 OID 17683)
-- Name: servico_cpf_cliente_fkey; Type: FK CONSTRAINT; Schema: public; Owner: postgres
--

ALTER TABLE ONLY servico
    ADD CONSTRAINT servico_cpf_cliente_fkey FOREIGN KEY (cpf_cliente) REFERENCES cliente(cpf);


--
-- TOC entry 1936 (class 2606 OID 17678)
-- Name: servico_cpf_funcionario_fkey; Type: FK CONSTRAINT; Schema: public; Owner: postgres
--

ALTER TABLE ONLY servico
    ADD CONSTRAINT servico_cpf_funcionario_fkey FOREIGN KEY (cpf_funcionario) REFERENCES funcionario(cpf);


--
-- TOC entry 1938 (class 2606 OID 17688)
-- Name: servico_cpf_tecnico_fkey; Type: FK CONSTRAINT; Schema: public; Owner: postgres
--

ALTER TABLE ONLY servico
    ADD CONSTRAINT servico_cpf_tecnico_fkey FOREIGN KEY (cpf_tecnico) REFERENCES funcionario(cpf);


--
-- TOC entry 1935 (class 2606 OID 17662)
-- Name: venda_cpf_cliente_fkey; Type: FK CONSTRAINT; Schema: public; Owner: postgres
--

ALTER TABLE ONLY venda
    ADD CONSTRAINT venda_cpf_cliente_fkey FOREIGN KEY (cpf_cliente) REFERENCES cliente(cpf);


--
-- TOC entry 1934 (class 2606 OID 17657)
-- Name: venda_cpf_funcionario_fkey; Type: FK CONSTRAINT; Schema: public; Owner: postgres
--

ALTER TABLE ONLY venda
    ADD CONSTRAINT venda_cpf_funcionario_fkey FOREIGN KEY (cpf_funcionario) REFERENCES funcionario(cpf);


--
-- TOC entry 1940 (class 2606 OID 17701)
-- Name: venda_produto_codigo_produto_fkey; Type: FK CONSTRAINT; Schema: public; Owner: postgres
--

ALTER TABLE ONLY venda_produto
    ADD CONSTRAINT venda_produto_codigo_produto_fkey FOREIGN KEY (codigo_produto) REFERENCES produto(codigo);


--
-- TOC entry 1939 (class 2606 OID 17696)
-- Name: venda_produto_id_venda_fkey; Type: FK CONSTRAINT; Schema: public; Owner: postgres
--

ALTER TABLE ONLY venda_produto
    ADD CONSTRAINT venda_produto_id_venda_fkey FOREIGN KEY (id_venda) REFERENCES venda(id_venda);


--
-- TOC entry 2067 (class 0 OID 0)
-- Dependencies: 6
-- Name: public; Type: ACL; Schema: -; Owner: postgres
--

REVOKE ALL ON SCHEMA public FROM PUBLIC;
REVOKE ALL ON SCHEMA public FROM postgres;
GRANT ALL ON SCHEMA public TO postgres;
GRANT ALL ON SCHEMA public TO PUBLIC;


-- Completed on 2018-03-05 20:16:45

--
-- PostgreSQL database dump complete
--

